{"cameraMode":{"drawMode":0,"name":"Shaded","section":"Shading Mode"},"sceneLighting":true,"audioPlay":false,"sceneViewState":{"showFog":true,"showMaterialUpdate":false,"showSkybox":true,"showFlares":true,"showImageEffects":true,"showParticleSystems":true},"in2DMode":false,"pivot":{"x":386.6781005859375,"y":169.8367919921875,"z":370.59942626953127},"rotation":{"x":0.05870054289698601,"y":0.05002376437187195,"z":-0.002986583858728409,"w":0.9970672726631165},"size":838.5621337890625,"orthographic":false}